<application>
  <component name="ProjectJdkTable">
    <jdk version="2">
      <name value="23" />
      <type value="JavaSDK" />
      <version value="23" />
      <homePath value="/usr/lib/jvm/java-23-openjdk" />
      <roots>
        <annotationsPath>
          <root type="composite">
            <root url="jar://$APPLICATION_HOME_DIR$/plugins/java/lib/resources/jdkAnnotations.jar!/" type="simple" />
          </root>
        </annotationsPath>
        <classPath>
          <root type="composite">
            <root url="jrt:///usr/lib/jvm/java-23-openjdk!/java.base" type="simple" />
            <root url="jrt:///usr/lib/jvm/java-23-openjdk!/java.compiler" type="simple" />
            <root url="jrt:///usr/lib/jvm/java-23-openjdk!/java.datatransfer" type="simple" />
            <root url="jrt:///usr/lib/jvm/java-23-openjdk!/java.desktop" type="simple" />
            <root url="jrt:///usr/lib/jvm/java-23-openjdk!/java.instrument" type="simple" />
            <root url="jrt:///usr/lib/jvm/java-23-openjdk!/java.logging" type="simple" />
            <root url="jrt:///usr/lib/jvm/java-23-openjdk!/java.management" type="simple" />
            <root url="jrt:///usr/lib/jvm/java-23-openjdk!/java.management.rmi" type="simple" />
            <root url="jrt:///usr/lib/jvm/java-23-openjdk!/java.naming" type="simple" />
            <root url="jrt:///usr/lib/jvm/java-23-openjdk!/java.net.http" type="simple" />
            <root url="jrt:///usr/lib/jvm/java-23-openjdk!/java.prefs" type="simple" />
            <root url="jrt:///usr/lib/jvm/java-23-openjdk!/java.rmi" type="simple" />
            <root url="jrt:///usr/lib/jvm/java-23-openjdk!/java.scripting" type="simple" />
            <root url="jrt:///usr/lib/jvm/java-23-openjdk!/java.se" type="simple" />
            <root url="jrt:///usr/lib/jvm/java-23-openjdk!/java.security.jgss" type="simple" />
            <root url="jrt:///usr/lib/jvm/java-23-openjdk!/java.security.sasl" type="simple" />
            <root url="jrt:///usr/lib/jvm/java-23-openjdk!/java.smartcardio" type="simple" />
            <root url="jrt:///usr/lib/jvm/java-23-openjdk!/java.sql" type="simple" />
            <root url="jrt:///usr/lib/jvm/java-23-openjdk!/java.sql.rowset" type="simple" />
            <root url="jrt:///usr/lib/jvm/java-23-openjdk!/java.transaction.xa" type="simple" />
            <root url="jrt:///usr/lib/jvm/java-23-openjdk!/java.xml" type="simple" />
            <root url="jrt:///usr/lib/jvm/java-23-openjdk!/java.xml.crypto" type="simple" />
            <root url="jrt:///usr/lib/jvm/java-23-openjdk!/jdk.accessibility" type="simple" />
            <root url="jrt:///usr/lib/jvm/java-23-openjdk!/jdk.attach" type="simple" />
            <root url="jrt:///usr/lib/jvm/java-23-openjdk!/jdk.charsets" type="simple" />
            <root url="jrt:///usr/lib/jvm/java-23-openjdk!/jdk.compiler" type="simple" />
            <root url="jrt:///usr/lib/jvm/java-23-openjdk!/jdk.crypto.cryptoki" type="simple" />
            <root url="jrt:///usr/lib/jvm/java-23-openjdk!/jdk.crypto.ec" type="simple" />
            <root url="jrt:///usr/lib/jvm/java-23-openjdk!/jdk.dynalink" type="simple" />
            <root url="jrt:///usr/lib/jvm/java-23-openjdk!/jdk.editpad" type="simple" />
            <root url="jrt:///usr/lib/jvm/java-23-openjdk!/jdk.graal.compiler" type="simple" />
            <root url="jrt:///usr/lib/jvm/java-23-openjdk!/jdk.graal.compiler.management" type="simple" />
            <root url="jrt:///usr/lib/jvm/java-23-openjdk!/jdk.hotspot.agent" type="simple" />
            <root url="jrt:///usr/lib/jvm/java-23-openjdk!/jdk.httpserver" type="simple" />
            <root url="jrt:///usr/lib/jvm/java-23-openjdk!/jdk.incubator.vector" type="simple" />
            <root url="jrt:///usr/lib/jvm/java-23-openjdk!/jdk.internal.ed" type="simple" />
            <root url="jrt:///usr/lib/jvm/java-23-openjdk!/jdk.internal.jvmstat" type="simple" />
            <root url="jrt:///usr/lib/jvm/java-23-openjdk!/jdk.internal.le" type="simple" />
            <root url="jrt:///usr/lib/jvm/java-23-openjdk!/jdk.internal.md" type="simple" />
            <root url="jrt:///usr/lib/jvm/java-23-openjdk!/jdk.internal.opt" type="simple" />
            <root url="jrt:///usr/lib/jvm/java-23-openjdk!/jdk.internal.vm.ci" type="simple" />
            <root url="jrt:///usr/lib/jvm/java-23-openjdk!/jdk.jartool" type="simple" />
            <root url="jrt:///usr/lib/jvm/java-23-openjdk!/jdk.javadoc" type="simple" />
            <root url="jrt:///usr/lib/jvm/java-23-openjdk!/jdk.jcmd" type="simple" />
            <root url="jrt:///usr/lib/jvm/java-23-openjdk!/jdk.jconsole" type="simple" />
            <root url="jrt:///usr/lib/jvm/java-23-openjdk!/jdk.jdeps" type="simple" />
            <root url="jrt:///usr/lib/jvm/java-23-openjdk!/jdk.jdi" type="simple" />
            <root url="jrt:///usr/lib/jvm/java-23-openjdk!/jdk.jdwp.agent" type="simple" />
            <root url="jrt:///usr/lib/jvm/java-23-openjdk!/jdk.jfr" type="simple" />
            <root url="jrt:///usr/lib/jvm/java-23-openjdk!/jdk.jlink" type="simple" />
            <root url="jrt:///usr/lib/jvm/java-23-openjdk!/jdk.jpackage" type="simple" />
            <root url="jrt:///usr/lib/jvm/java-23-openjdk!/jdk.jshell" type="simple" />
            <root url="jrt:///usr/lib/jvm/java-23-openjdk!/jdk.jsobject" type="simple" />
            <root url="jrt:///usr/lib/jvm/java-23-openjdk!/jdk.jstatd" type="simple" />
            <root url="jrt:///usr/lib/jvm/java-23-openjdk!/jdk.localedata" type="simple" />
            <root url="jrt:///usr/lib/jvm/java-23-openjdk!/jdk.management" type="simple" />
            <root url="jrt:///usr/lib/jvm/java-23-openjdk!/jdk.management.agent" type="simple" />
            <root url="jrt:///usr/lib/jvm/java-23-openjdk!/jdk.management.jfr" type="simple" />
            <root url="jrt:///usr/lib/jvm/java-23-openjdk!/jdk.naming.dns" type="simple" />
            <root url="jrt:///usr/lib/jvm/java-23-openjdk!/jdk.naming.rmi" type="simple" />
            <root url="jrt:///usr/lib/jvm/java-23-openjdk!/jdk.net" type="simple" />
            <root url="jrt:///usr/lib/jvm/java-23-openjdk!/jdk.nio.mapmode" type="simple" />
            <root url="jrt:///usr/lib/jvm/java-23-openjdk!/jdk.sctp" type="simple" />
            <root url="jrt:///usr/lib/jvm/java-23-openjdk!/jdk.security.auth" type="simple" />
            <root url="jrt:///usr/lib/jvm/java-23-openjdk!/jdk.security.jgss" type="simple" />
            <root url="jrt:///usr/lib/jvm/java-23-openjdk!/jdk.unsupported" type="simple" />
            <root url="jrt:///usr/lib/jvm/java-23-openjdk!/jdk.unsupported.desktop" type="simple" />
            <root url="jrt:///usr/lib/jvm/java-23-openjdk!/jdk.xml.dom" type="simple" />
            <root url="jrt:///usr/lib/jvm/java-23-openjdk!/jdk.zipfs" type="simple" />
          </root>
        </classPath>
        <javadocPath>
          <root type="composite">
            <root url="https://docs.oracle.com/en/java/javase/23/docs/api/" type="simple" />
          </root>
        </javadocPath>
        <sourcePath>
          <root type="composite" />
        </sourcePath>
      </roots>
    </jdk>
    <jdk version="2">
      <name value="17" />
      <type value="JavaSDK" />
      <version value="version 17.0.6" />
      <homePath value="/usr/lib/jvm/java-17" />
      <roots>
        <annotationsPath>
          <root type="composite">
            <root url="jar://$APPLICATION_HOME_DIR$/plugins/java/lib/resources/jdkAnnotations.jar!/" type="simple" />
          </root>
        </annotationsPath>
        <classPath>
          <root type="composite">
            <root url="jrt:///usr/lib/jvm/java-17!/java.base" type="simple" />
            <root url="jrt:///usr/lib/jvm/java-17!/java.compiler" type="simple" />
            <root url="jrt:///usr/lib/jvm/java-17!/java.datatransfer" type="simple" />
            <root url="jrt:///usr/lib/jvm/java-17!/java.desktop" type="simple" />
            <root url="jrt:///usr/lib/jvm/java-17!/java.instrument" type="simple" />
            <root url="jrt:///usr/lib/jvm/java-17!/java.logging" type="simple" />
            <root url="jrt:///usr/lib/jvm/java-17!/java.management" type="simple" />
            <root url="jrt:///usr/lib/jvm/java-17!/java.management.rmi" type="simple" />
            <root url="jrt:///usr/lib/jvm/java-17!/java.naming" type="simple" />
            <root url="jrt:///usr/lib/jvm/java-17!/java.net.http" type="simple" />
            <root url="jrt:///usr/lib/jvm/java-17!/java.prefs" type="simple" />
            <root url="jrt:///usr/lib/jvm/java-17!/java.rmi" type="simple" />
            <root url="jrt:///usr/lib/jvm/java-17!/java.scripting" type="simple" />
            <root url="jrt:///usr/lib/jvm/java-17!/java.se" type="simple" />
            <root url="jrt:///usr/lib/jvm/java-17!/java.security.jgss" type="simple" />
            <root url="jrt:///usr/lib/jvm/java-17!/java.security.sasl" type="simple" />
            <root url="jrt:///usr/lib/jvm/java-17!/java.smartcardio" type="simple" />
            <root url="jrt:///usr/lib/jvm/java-17!/java.sql" type="simple" />
            <root url="jrt:///usr/lib/jvm/java-17!/java.sql.rowset" type="simple" />
            <root url="jrt:///usr/lib/jvm/java-17!/java.transaction.xa" type="simple" />
            <root url="jrt:///usr/lib/jvm/java-17!/java.xml" type="simple" />
            <root url="jrt:///usr/lib/jvm/java-17!/java.xml.crypto" type="simple" />
            <root url="jrt:///usr/lib/jvm/java-17!/jdk.accessibility" type="simple" />
            <root url="jrt:///usr/lib/jvm/java-17!/jdk.attach" type="simple" />
            <root url="jrt:///usr/lib/jvm/java-17!/jdk.charsets" type="simple" />
            <root url="jrt:///usr/lib/jvm/java-17!/jdk.compiler" type="simple" />
            <root url="jrt:///usr/lib/jvm/java-17!/jdk.crypto.cryptoki" type="simple" />
            <root url="jrt:///usr/lib/jvm/java-17!/jdk.crypto.ec" type="simple" />
            <root url="jrt:///usr/lib/jvm/java-17!/jdk.dynalink" type="simple" />
            <root url="jrt:///usr/lib/jvm/java-17!/jdk.editpad" type="simple" />
            <root url="jrt:///usr/lib/jvm/java-17!/jdk.hotspot.agent" type="simple" />
            <root url="jrt:///usr/lib/jvm/java-17!/jdk.httpserver" type="simple" />
            <root url="jrt:///usr/lib/jvm/java-17!/jdk.incubator.foreign" type="simple" />
            <root url="jrt:///usr/lib/jvm/java-17!/jdk.incubator.vector" type="simple" />
            <root url="jrt:///usr/lib/jvm/java-17!/jdk.internal.ed" type="simple" />
            <root url="jrt:///usr/lib/jvm/java-17!/jdk.internal.jvmstat" type="simple" />
            <root url="jrt:///usr/lib/jvm/java-17!/jdk.internal.le" type="simple" />
            <root url="jrt:///usr/lib/jvm/java-17!/jdk.internal.opt" type="simple" />
            <root url="jrt:///usr/lib/jvm/java-17!/jdk.internal.vm.ci" type="simple" />
            <root url="jrt:///usr/lib/jvm/java-17!/jdk.internal.vm.compiler" type="simple" />
            <root url="jrt:///usr/lib/jvm/java-17!/jdk.internal.vm.compiler.management" type="simple" />
            <root url="jrt:///usr/lib/jvm/java-17!/jdk.jartool" type="simple" />
            <root url="jrt:///usr/lib/jvm/java-17!/jdk.javadoc" type="simple" />
            <root url="jrt:///usr/lib/jvm/java-17!/jdk.jcmd" type="simple" />
            <root url="jrt:///usr/lib/jvm/java-17!/jdk.jconsole" type="simple" />
            <root url="jrt:///usr/lib/jvm/java-17!/jdk.jdeps" type="simple" />
            <root url="jrt:///usr/lib/jvm/java-17!/jdk.jdi" type="simple" />
            <root url="jrt:///usr/lib/jvm/java-17!/jdk.jdwp.agent" type="simple" />
            <root url="jrt:///usr/lib/jvm/java-17!/jdk.jfr" type="simple" />
            <root url="jrt:///usr/lib/jvm/java-17!/jdk.jlink" type="simple" />
            <root url="jrt:///usr/lib/jvm/java-17!/jdk.jpackage" type="simple" />
            <root url="jrt:///usr/lib/jvm/java-17!/jdk.jshell" type="simple" />
            <root url="jrt:///usr/lib/jvm/java-17!/jdk.jsobject" type="simple" />
            <root url="jrt:///usr/lib/jvm/java-17!/jdk.jstatd" type="simple" />
            <root url="jrt:///usr/lib/jvm/java-17!/jdk.localedata" type="simple" />
            <root url="jrt:///usr/lib/jvm/java-17!/jdk.management" type="simple" />
            <root url="jrt:///usr/lib/jvm/java-17!/jdk.management.agent" type="simple" />
            <root url="jrt:///usr/lib/jvm/java-17!/jdk.management.jfr" type="simple" />
            <root url="jrt:///usr/lib/jvm/java-17!/jdk.naming.dns" type="simple" />
            <root url="jrt:///usr/lib/jvm/java-17!/jdk.naming.rmi" type="simple" />
            <root url="jrt:///usr/lib/jvm/java-17!/jdk.net" type="simple" />
            <root url="jrt:///usr/lib/jvm/java-17!/jdk.nio.mapmode" type="simple" />
            <root url="jrt:///usr/lib/jvm/java-17!/jdk.random" type="simple" />
            <root url="jrt:///usr/lib/jvm/java-17!/jdk.sctp" type="simple" />
            <root url="jrt:///usr/lib/jvm/java-17!/jdk.security.auth" type="simple" />
            <root url="jrt:///usr/lib/jvm/java-17!/jdk.security.jgss" type="simple" />
            <root url="jrt:///usr/lib/jvm/java-17!/jdk.unsupported" type="simple" />
            <root url="jrt:///usr/lib/jvm/java-17!/jdk.unsupported.desktop" type="simple" />
            <root url="jrt:///usr/lib/jvm/java-17!/jdk.xml.dom" type="simple" />
            <root url="jrt:///usr/lib/jvm/java-17!/jdk.zipfs" type="simple" />
          </root>
        </classPath>
        <javadocPath>
          <root type="composite" />
        </javadocPath>
        <sourcePath>
          <root type="composite" />
        </sourcePath>
      </roots>
    </jdk>
    <jdk version="2">
      <name value="20" />
      <type value="JavaSDK" />
      <version value="Oracle OpenJDK version 20.0.1" />
      <homePath value="$USER_HOME$/.jdks/openjdk-20.0.1" />
      <roots>
        <annotationsPath>
          <root type="composite">
            <root url="jar://$APPLICATION_HOME_DIR$/plugins/java/lib/resources/jdkAnnotations.jar!/" type="simple" />
          </root>
        </annotationsPath>
        <classPath>
          <root type="composite">
            <root url="jrt://$USER_HOME$/.jdks/openjdk-20.0.1!/java.base" type="simple" />
            <root url="jrt://$USER_HOME$/.jdks/openjdk-20.0.1!/java.compiler" type="simple" />
            <root url="jrt://$USER_HOME$/.jdks/openjdk-20.0.1!/java.datatransfer" type="simple" />
            <root url="jrt://$USER_HOME$/.jdks/openjdk-20.0.1!/java.desktop" type="simple" />
            <root url="jrt://$USER_HOME$/.jdks/openjdk-20.0.1!/java.instrument" type="simple" />
            <root url="jrt://$USER_HOME$/.jdks/openjdk-20.0.1!/java.logging" type="simple" />
            <root url="jrt://$USER_HOME$/.jdks/openjdk-20.0.1!/java.management" type="simple" />
            <root url="jrt://$USER_HOME$/.jdks/openjdk-20.0.1!/java.management.rmi" type="simple" />
            <root url="jrt://$USER_HOME$/.jdks/openjdk-20.0.1!/java.naming" type="simple" />
            <root url="jrt://$USER_HOME$/.jdks/openjdk-20.0.1!/java.net.http" type="simple" />
            <root url="jrt://$USER_HOME$/.jdks/openjdk-20.0.1!/java.prefs" type="simple" />
            <root url="jrt://$USER_HOME$/.jdks/openjdk-20.0.1!/java.rmi" type="simple" />
            <root url="jrt://$USER_HOME$/.jdks/openjdk-20.0.1!/java.scripting" type="simple" />
            <root url="jrt://$USER_HOME$/.jdks/openjdk-20.0.1!/java.se" type="simple" />
            <root url="jrt://$USER_HOME$/.jdks/openjdk-20.0.1!/java.security.jgss" type="simple" />
            <root url="jrt://$USER_HOME$/.jdks/openjdk-20.0.1!/java.security.sasl" type="simple" />
            <root url="jrt://$USER_HOME$/.jdks/openjdk-20.0.1!/java.smartcardio" type="simple" />
            <root url="jrt://$USER_HOME$/.jdks/openjdk-20.0.1!/java.sql" type="simple" />
            <root url="jrt://$USER_HOME$/.jdks/openjdk-20.0.1!/java.sql.rowset" type="simple" />
            <root url="jrt://$USER_HOME$/.jdks/openjdk-20.0.1!/java.transaction.xa" type="simple" />
            <root url="jrt://$USER_HOME$/.jdks/openjdk-20.0.1!/java.xml" type="simple" />
            <root url="jrt://$USER_HOME$/.jdks/openjdk-20.0.1!/java.xml.crypto" type="simple" />
            <root url="jrt://$USER_HOME$/.jdks/openjdk-20.0.1!/jdk.accessibility" type="simple" />
            <root url="jrt://$USER_HOME$/.jdks/openjdk-20.0.1!/jdk.attach" type="simple" />
            <root url="jrt://$USER_HOME$/.jdks/openjdk-20.0.1!/jdk.charsets" type="simple" />
            <root url="jrt://$USER_HOME$/.jdks/openjdk-20.0.1!/jdk.compiler" type="simple" />
            <root url="jrt://$USER_HOME$/.jdks/openjdk-20.0.1!/jdk.crypto.cryptoki" type="simple" />
            <root url="jrt://$USER_HOME$/.jdks/openjdk-20.0.1!/jdk.crypto.ec" type="simple" />
            <root url="jrt://$USER_HOME$/.jdks/openjdk-20.0.1!/jdk.dynalink" type="simple" />
            <root url="jrt://$USER_HOME$/.jdks/openjdk-20.0.1!/jdk.editpad" type="simple" />
            <root url="jrt://$USER_HOME$/.jdks/openjdk-20.0.1!/jdk.hotspot.agent" type="simple" />
            <root url="jrt://$USER_HOME$/.jdks/openjdk-20.0.1!/jdk.httpserver" type="simple" />
            <root url="jrt://$USER_HOME$/.jdks/openjdk-20.0.1!/jdk.incubator.concurrent" type="simple" />
            <root url="jrt://$USER_HOME$/.jdks/openjdk-20.0.1!/jdk.incubator.vector" type="simple" />
            <root url="jrt://$USER_HOME$/.jdks/openjdk-20.0.1!/jdk.internal.ed" type="simple" />
            <root url="jrt://$USER_HOME$/.jdks/openjdk-20.0.1!/jdk.internal.jvmstat" type="simple" />
            <root url="jrt://$USER_HOME$/.jdks/openjdk-20.0.1!/jdk.internal.le" type="simple" />
            <root url="jrt://$USER_HOME$/.jdks/openjdk-20.0.1!/jdk.internal.opt" type="simple" />
            <root url="jrt://$USER_HOME$/.jdks/openjdk-20.0.1!/jdk.internal.vm.ci" type="simple" />
            <root url="jrt://$USER_HOME$/.jdks/openjdk-20.0.1!/jdk.internal.vm.compiler" type="simple" />
            <root url="jrt://$USER_HOME$/.jdks/openjdk-20.0.1!/jdk.internal.vm.compiler.management" type="simple" />
            <root url="jrt://$USER_HOME$/.jdks/openjdk-20.0.1!/jdk.jartool" type="simple" />
            <root url="jrt://$USER_HOME$/.jdks/openjdk-20.0.1!/jdk.javadoc" type="simple" />
            <root url="jrt://$USER_HOME$/.jdks/openjdk-20.0.1!/jdk.jcmd" type="simple" />
            <root url="jrt://$USER_HOME$/.jdks/openjdk-20.0.1!/jdk.jconsole" type="simple" />
            <root url="jrt://$USER_HOME$/.jdks/openjdk-20.0.1!/jdk.jdeps" type="simple" />
            <root url="jrt://$USER_HOME$/.jdks/openjdk-20.0.1!/jdk.jdi" type="simple" />
            <root url="jrt://$USER_HOME$/.jdks/openjdk-20.0.1!/jdk.jdwp.agent" type="simple" />
            <root url="jrt://$USER_HOME$/.jdks/openjdk-20.0.1!/jdk.jfr" type="simple" />
            <root url="jrt://$USER_HOME$/.jdks/openjdk-20.0.1!/jdk.jlink" type="simple" />
            <root url="jrt://$USER_HOME$/.jdks/openjdk-20.0.1!/jdk.jpackage" type="simple" />
            <root url="jrt://$USER_HOME$/.jdks/openjdk-20.0.1!/jdk.jshell" type="simple" />
            <root url="jrt://$USER_HOME$/.jdks/openjdk-20.0.1!/jdk.jsobject" type="simple" />
            <root url="jrt://$USER_HOME$/.jdks/openjdk-20.0.1!/jdk.jstatd" type="simple" />
            <root url="jrt://$USER_HOME$/.jdks/openjdk-20.0.1!/jdk.localedata" type="simple" />
            <root url="jrt://$USER_HOME$/.jdks/openjdk-20.0.1!/jdk.management" type="simple" />
            <root url="jrt://$USER_HOME$/.jdks/openjdk-20.0.1!/jdk.management.agent" type="simple" />
            <root url="jrt://$USER_HOME$/.jdks/openjdk-20.0.1!/jdk.management.jfr" type="simple" />
            <root url="jrt://$USER_HOME$/.jdks/openjdk-20.0.1!/jdk.naming.dns" type="simple" />
            <root url="jrt://$USER_HOME$/.jdks/openjdk-20.0.1!/jdk.naming.rmi" type="simple" />
            <root url="jrt://$USER_HOME$/.jdks/openjdk-20.0.1!/jdk.net" type="simple" />
            <root url="jrt://$USER_HOME$/.jdks/openjdk-20.0.1!/jdk.nio.mapmode" type="simple" />
            <root url="jrt://$USER_HOME$/.jdks/openjdk-20.0.1!/jdk.random" type="simple" />
            <root url="jrt://$USER_HOME$/.jdks/openjdk-20.0.1!/jdk.sctp" type="simple" />
            <root url="jrt://$USER_HOME$/.jdks/openjdk-20.0.1!/jdk.security.auth" type="simple" />
            <root url="jrt://$USER_HOME$/.jdks/openjdk-20.0.1!/jdk.security.jgss" type="simple" />
            <root url="jrt://$USER_HOME$/.jdks/openjdk-20.0.1!/jdk.unsupported" type="simple" />
            <root url="jrt://$USER_HOME$/.jdks/openjdk-20.0.1!/jdk.unsupported.desktop" type="simple" />
            <root url="jrt://$USER_HOME$/.jdks/openjdk-20.0.1!/jdk.xml.dom" type="simple" />
            <root url="jrt://$USER_HOME$/.jdks/openjdk-20.0.1!/jdk.zipfs" type="simple" />
          </root>
        </classPath>
        <javadocPath>
          <root type="composite" />
        </javadocPath>
        <sourcePath>
          <root type="composite">
            <root url="jar://$USER_HOME$/.jdks/openjdk-20.0.1/lib/src.zip!/java.se" type="simple" />
            <root url="jar://$USER_HOME$/.jdks/openjdk-20.0.1/lib/src.zip!/jdk.jdi" type="simple" />
            <root url="jar://$USER_HOME$/.jdks/openjdk-20.0.1/lib/src.zip!/jdk.jfr" type="simple" />
            <root url="jar://$USER_HOME$/.jdks/openjdk-20.0.1/lib/src.zip!/jdk.net" type="simple" />
            <root url="jar://$USER_HOME$/.jdks/openjdk-20.0.1/lib/src.zip!/java.rmi" type="simple" />
            <root url="jar://$USER_HOME$/.jdks/openjdk-20.0.1/lib/src.zip!/java.sql" type="simple" />
            <root url="jar://$USER_HOME$/.jdks/openjdk-20.0.1/lib/src.zip!/java.xml" type="simple" />
            <root url="jar://$USER_HOME$/.jdks/openjdk-20.0.1/lib/src.zip!/jdk.jcmd" type="simple" />
            <root url="jar://$USER_HOME$/.jdks/openjdk-20.0.1/lib/src.zip!/jdk.sctp" type="simple" />
            <root url="jar://$USER_HOME$/.jdks/openjdk-20.0.1/lib/src.zip!/java.base" type="simple" />
            <root url="jar://$USER_HOME$/.jdks/openjdk-20.0.1/lib/src.zip!/jdk.jdeps" type="simple" />
            <root url="jar://$USER_HOME$/.jdks/openjdk-20.0.1/lib/src.zip!/jdk.jlink" type="simple" />
            <root url="jar://$USER_HOME$/.jdks/openjdk-20.0.1/lib/src.zip!/jdk.zipfs" type="simple" />
            <root url="jar://$USER_HOME$/.jdks/openjdk-20.0.1/lib/src.zip!/java.prefs" type="simple" />
            <root url="jar://$USER_HOME$/.jdks/openjdk-20.0.1/lib/src.zip!/jdk.attach" type="simple" />
            <root url="jar://$USER_HOME$/.jdks/openjdk-20.0.1/lib/src.zip!/jdk.jshell" type="simple" />
            <root url="jar://$USER_HOME$/.jdks/openjdk-20.0.1/lib/src.zip!/jdk.jstatd" type="simple" />
            <root url="jar://$USER_HOME$/.jdks/openjdk-20.0.1/lib/src.zip!/jdk.random" type="simple" />
            <root url="jar://$USER_HOME$/.jdks/openjdk-20.0.1/lib/src.zip!/java.naming" type="simple" />
            <root url="jar://$USER_HOME$/.jdks/openjdk-20.0.1/lib/src.zip!/jdk.editpad" type="simple" />
            <root url="jar://$USER_HOME$/.jdks/openjdk-20.0.1/lib/src.zip!/jdk.jartool" type="simple" />
            <root url="jar://$USER_HOME$/.jdks/openjdk-20.0.1/lib/src.zip!/jdk.javadoc" type="simple" />
            <root url="jar://$USER_HOME$/.jdks/openjdk-20.0.1/lib/src.zip!/jdk.xml.dom" type="simple" />
            <root url="jar://$USER_HOME$/.jdks/openjdk-20.0.1/lib/src.zip!/java.desktop" type="simple" />
            <root url="jar://$USER_HOME$/.jdks/openjdk-20.0.1/lib/src.zip!/java.logging" type="simple" />
            <root url="jar://$USER_HOME$/.jdks/openjdk-20.0.1/lib/src.zip!/jdk.charsets" type="simple" />
            <root url="jar://$USER_HOME$/.jdks/openjdk-20.0.1/lib/src.zip!/jdk.compiler" type="simple" />
            <root url="jar://$USER_HOME$/.jdks/openjdk-20.0.1/lib/src.zip!/jdk.dynalink" type="simple" />
            <root url="jar://$USER_HOME$/.jdks/openjdk-20.0.1/lib/src.zip!/jdk.jconsole" type="simple" />
            <root url="jar://$USER_HOME$/.jdks/openjdk-20.0.1/lib/src.zip!/jdk.jpackage" type="simple" />
            <root url="jar://$USER_HOME$/.jdks/openjdk-20.0.1/lib/src.zip!/jdk.jsobject" type="simple" />
            <root url="jar://$USER_HOME$/.jdks/openjdk-20.0.1/lib/src.zip!/java.compiler" type="simple" />
            <root url="jar://$USER_HOME$/.jdks/openjdk-20.0.1/lib/src.zip!/java.net.http" type="simple" />
            <root url="jar://$USER_HOME$/.jdks/openjdk-20.0.1/lib/src.zip!/jdk.crypto.ec" type="simple" />
            <root url="jar://$USER_HOME$/.jdks/openjdk-20.0.1/lib/src.zip!/java.scripting" type="simple" />
            <root url="jar://$USER_HOME$/.jdks/openjdk-20.0.1/lib/src.zip!/jdk.httpserver" type="simple" />
            <root url="jar://$USER_HOME$/.jdks/openjdk-20.0.1/lib/src.zip!/jdk.jdwp.agent" type="simple" />
            <root url="jar://$USER_HOME$/.jdks/openjdk-20.0.1/lib/src.zip!/jdk.localedata" type="simple" />
            <root url="jar://$USER_HOME$/.jdks/openjdk-20.0.1/lib/src.zip!/jdk.management" type="simple" />
            <root url="jar://$USER_HOME$/.jdks/openjdk-20.0.1/lib/src.zip!/jdk.naming.dns" type="simple" />
            <root url="jar://$USER_HOME$/.jdks/openjdk-20.0.1/lib/src.zip!/jdk.naming.rmi" type="simple" />
            <root url="jar://$USER_HOME$/.jdks/openjdk-20.0.1/lib/src.zip!/java.instrument" type="simple" />
            <root url="jar://$USER_HOME$/.jdks/openjdk-20.0.1/lib/src.zip!/java.management" type="simple" />
            <root url="jar://$USER_HOME$/.jdks/openjdk-20.0.1/lib/src.zip!/java.sql.rowset" type="simple" />
            <root url="jar://$USER_HOME$/.jdks/openjdk-20.0.1/lib/src.zip!/java.xml.crypto" type="simple" />
            <root url="jar://$USER_HOME$/.jdks/openjdk-20.0.1/lib/src.zip!/jdk.internal.ed" type="simple" />
            <root url="jar://$USER_HOME$/.jdks/openjdk-20.0.1/lib/src.zip!/jdk.internal.le" type="simple" />
            <root url="jar://$USER_HOME$/.jdks/openjdk-20.0.1/lib/src.zip!/jdk.nio.mapmode" type="simple" />
            <root url="jar://$USER_HOME$/.jdks/openjdk-20.0.1/lib/src.zip!/jdk.unsupported" type="simple" />
            <root url="jar://$USER_HOME$/.jdks/openjdk-20.0.1/lib/src.zip!/java.smartcardio" type="simple" />
            <root url="jar://$USER_HOME$/.jdks/openjdk-20.0.1/lib/src.zip!/jdk.internal.opt" type="simple" />
            <root url="jar://$USER_HOME$/.jdks/openjdk-20.0.1/lib/src.zip!/java.datatransfer" type="simple" />
            <root url="jar://$USER_HOME$/.jdks/openjdk-20.0.1/lib/src.zip!/jdk.accessibility" type="simple" />
            <root url="jar://$USER_HOME$/.jdks/openjdk-20.0.1/lib/src.zip!/jdk.hotspot.agent" type="simple" />
            <root url="jar://$USER_HOME$/.jdks/openjdk-20.0.1/lib/src.zip!/jdk.security.auth" type="simple" />
            <root url="jar://$USER_HOME$/.jdks/openjdk-20.0.1/lib/src.zip!/jdk.security.jgss" type="simple" />
            <root url="jar://$USER_HOME$/.jdks/openjdk-20.0.1/lib/src.zip!/java.security.jgss" type="simple" />
            <root url="jar://$USER_HOME$/.jdks/openjdk-20.0.1/lib/src.zip!/java.security.sasl" type="simple" />
            <root url="jar://$USER_HOME$/.jdks/openjdk-20.0.1/lib/src.zip!/jdk.internal.vm.ci" type="simple" />
            <root url="jar://$USER_HOME$/.jdks/openjdk-20.0.1/lib/src.zip!/jdk.management.jfr" type="simple" />
            <root url="jar://$USER_HOME$/.jdks/openjdk-20.0.1/lib/src.zip!/java.management.rmi" type="simple" />
            <root url="jar://$USER_HOME$/.jdks/openjdk-20.0.1/lib/src.zip!/java.transaction.xa" type="simple" />
            <root url="jar://$USER_HOME$/.jdks/openjdk-20.0.1/lib/src.zip!/jdk.crypto.cryptoki" type="simple" />
            <root url="jar://$USER_HOME$/.jdks/openjdk-20.0.1/lib/src.zip!/jdk.incubator.vector" type="simple" />
            <root url="jar://$USER_HOME$/.jdks/openjdk-20.0.1/lib/src.zip!/jdk.internal.jvmstat" type="simple" />
            <root url="jar://$USER_HOME$/.jdks/openjdk-20.0.1/lib/src.zip!/jdk.management.agent" type="simple" />
            <root url="jar://$USER_HOME$/.jdks/openjdk-20.0.1/lib/src.zip!/jdk.unsupported.desktop" type="simple" />
            <root url="jar://$USER_HOME$/.jdks/openjdk-20.0.1/lib/src.zip!/jdk.incubator.concurrent" type="simple" />
            <root url="jar://$USER_HOME$/.jdks/openjdk-20.0.1/lib/src.zip!/jdk.internal.vm.compiler" type="simple" />
            <root url="jar://$USER_HOME$/.jdks/openjdk-20.0.1/lib/src.zip!/jdk.internal.vm.compiler.management" type="simple" />
          </root>
        </sourcePath>
      </roots>
    </jdk>
    <jdk version="2">
      <name value="17 (2)" />
      <type value="JavaSDK" />
      <version value="17.0.13" />
      <homePath value="/usr/lib/jvm/java-17-openjdk" />
      <roots>
        <annotationsPath>
          <root type="composite">
            <root url="jar://$APPLICATION_HOME_DIR$/plugins/java/lib/resources/jdkAnnotations.jar!/" type="simple" />
          </root>
        </annotationsPath>
        <classPath>
          <root type="composite">
            <root url="jrt:///usr/lib/jvm/java-17-openjdk!/java.base" type="simple" />
            <root url="jrt:///usr/lib/jvm/java-17-openjdk!/java.compiler" type="simple" />
            <root url="jrt:///usr/lib/jvm/java-17-openjdk!/java.datatransfer" type="simple" />
            <root url="jrt:///usr/lib/jvm/java-17-openjdk!/java.desktop" type="simple" />
            <root url="jrt:///usr/lib/jvm/java-17-openjdk!/java.instrument" type="simple" />
            <root url="jrt:///usr/lib/jvm/java-17-openjdk!/java.logging" type="simple" />
            <root url="jrt:///usr/lib/jvm/java-17-openjdk!/java.management" type="simple" />
            <root url="jrt:///usr/lib/jvm/java-17-openjdk!/java.management.rmi" type="simple" />
            <root url="jrt:///usr/lib/jvm/java-17-openjdk!/java.naming" type="simple" />
            <root url="jrt:///usr/lib/jvm/java-17-openjdk!/java.net.http" type="simple" />
            <root url="jrt:///usr/lib/jvm/java-17-openjdk!/java.prefs" type="simple" />
            <root url="jrt:///usr/lib/jvm/java-17-openjdk!/java.rmi" type="simple" />
            <root url="jrt:///usr/lib/jvm/java-17-openjdk!/java.scripting" type="simple" />
            <root url="jrt:///usr/lib/jvm/java-17-openjdk!/java.se" type="simple" />
            <root url="jrt:///usr/lib/jvm/java-17-openjdk!/java.security.jgss" type="simple" />
            <root url="jrt:///usr/lib/jvm/java-17-openjdk!/java.security.sasl" type="simple" />
            <root url="jrt:///usr/lib/jvm/java-17-openjdk!/java.smartcardio" type="simple" />
            <root url="jrt:///usr/lib/jvm/java-17-openjdk!/java.sql" type="simple" />
            <root url="jrt:///usr/lib/jvm/java-17-openjdk!/java.sql.rowset" type="simple" />
            <root url="jrt:///usr/lib/jvm/java-17-openjdk!/java.transaction.xa" type="simple" />
            <root url="jrt:///usr/lib/jvm/java-17-openjdk!/java.xml" type="simple" />
            <root url="jrt:///usr/lib/jvm/java-17-openjdk!/java.xml.crypto" type="simple" />
            <root url="jrt:///usr/lib/jvm/java-17-openjdk!/jdk.accessibility" type="simple" />
            <root url="jrt:///usr/lib/jvm/java-17-openjdk!/jdk.attach" type="simple" />
            <root url="jrt:///usr/lib/jvm/java-17-openjdk!/jdk.charsets" type="simple" />
            <root url="jrt:///usr/lib/jvm/java-17-openjdk!/jdk.compiler" type="simple" />
            <root url="jrt:///usr/lib/jvm/java-17-openjdk!/jdk.crypto.cryptoki" type="simple" />
            <root url="jrt:///usr/lib/jvm/java-17-openjdk!/jdk.crypto.ec" type="simple" />
            <root url="jrt:///usr/lib/jvm/java-17-openjdk!/jdk.dynalink" type="simple" />
            <root url="jrt:///usr/lib/jvm/java-17-openjdk!/jdk.editpad" type="simple" />
            <root url="jrt:///usr/lib/jvm/java-17-openjdk!/jdk.hotspot.agent" type="simple" />
            <root url="jrt:///usr/lib/jvm/java-17-openjdk!/jdk.httpserver" type="simple" />
            <root url="jrt:///usr/lib/jvm/java-17-openjdk!/jdk.incubator.foreign" type="simple" />
            <root url="jrt:///usr/lib/jvm/java-17-openjdk!/jdk.incubator.vector" type="simple" />
            <root url="jrt:///usr/lib/jvm/java-17-openjdk!/jdk.internal.ed" type="simple" />
            <root url="jrt:///usr/lib/jvm/java-17-openjdk!/jdk.internal.jvmstat" type="simple" />
            <root url="jrt:///usr/lib/jvm/java-17-openjdk!/jdk.internal.le" type="simple" />
            <root url="jrt:///usr/lib/jvm/java-17-openjdk!/jdk.internal.opt" type="simple" />
            <root url="jrt:///usr/lib/jvm/java-17-openjdk!/jdk.internal.vm.ci" type="simple" />
            <root url="jrt:///usr/lib/jvm/java-17-openjdk!/jdk.internal.vm.compiler" type="simple" />
            <root url="jrt:///usr/lib/jvm/java-17-openjdk!/jdk.internal.vm.compiler.management" type="simple" />
            <root url="jrt:///usr/lib/jvm/java-17-openjdk!/jdk.jartool" type="simple" />
            <root url="jrt:///usr/lib/jvm/java-17-openjdk!/jdk.javadoc" type="simple" />
            <root url="jrt:///usr/lib/jvm/java-17-openjdk!/jdk.jcmd" type="simple" />
            <root url="jrt:///usr/lib/jvm/java-17-openjdk!/jdk.jconsole" type="simple" />
            <root url="jrt:///usr/lib/jvm/java-17-openjdk!/jdk.jdeps" type="simple" />
            <root url="jrt:///usr/lib/jvm/java-17-openjdk!/jdk.jdi" type="simple" />
            <root url="jrt:///usr/lib/jvm/java-17-openjdk!/jdk.jdwp.agent" type="simple" />
            <root url="jrt:///usr/lib/jvm/java-17-openjdk!/jdk.jfr" type="simple" />
            <root url="jrt:///usr/lib/jvm/java-17-openjdk!/jdk.jlink" type="simple" />
            <root url="jrt:///usr/lib/jvm/java-17-openjdk!/jdk.jpackage" type="simple" />
            <root url="jrt:///usr/lib/jvm/java-17-openjdk!/jdk.jshell" type="simple" />
            <root url="jrt:///usr/lib/jvm/java-17-openjdk!/jdk.jsobject" type="simple" />
            <root url="jrt:///usr/lib/jvm/java-17-openjdk!/jdk.jstatd" type="simple" />
            <root url="jrt:///usr/lib/jvm/java-17-openjdk!/jdk.localedata" type="simple" />
            <root url="jrt:///usr/lib/jvm/java-17-openjdk!/jdk.management" type="simple" />
            <root url="jrt:///usr/lib/jvm/java-17-openjdk!/jdk.management.agent" type="simple" />
            <root url="jrt:///usr/lib/jvm/java-17-openjdk!/jdk.management.jfr" type="simple" />
            <root url="jrt:///usr/lib/jvm/java-17-openjdk!/jdk.naming.dns" type="simple" />
            <root url="jrt:///usr/lib/jvm/java-17-openjdk!/jdk.naming.rmi" type="simple" />
            <root url="jrt:///usr/lib/jvm/java-17-openjdk!/jdk.net" type="simple" />
            <root url="jrt:///usr/lib/jvm/java-17-openjdk!/jdk.nio.mapmode" type="simple" />
            <root url="jrt:///usr/lib/jvm/java-17-openjdk!/jdk.random" type="simple" />
            <root url="jrt:///usr/lib/jvm/java-17-openjdk!/jdk.sctp" type="simple" />
            <root url="jrt:///usr/lib/jvm/java-17-openjdk!/jdk.security.auth" type="simple" />
            <root url="jrt:///usr/lib/jvm/java-17-openjdk!/jdk.security.jgss" type="simple" />
            <root url="jrt:///usr/lib/jvm/java-17-openjdk!/jdk.unsupported" type="simple" />
            <root url="jrt:///usr/lib/jvm/java-17-openjdk!/jdk.unsupported.desktop" type="simple" />
            <root url="jrt:///usr/lib/jvm/java-17-openjdk!/jdk.xml.dom" type="simple" />
            <root url="jrt:///usr/lib/jvm/java-17-openjdk!/jdk.zipfs" type="simple" />
          </root>
        </classPath>
        <javadocPath>
          <root type="composite">
            <root url="https://docs.oracle.com/en/java/javase/17/docs/api/" type="simple" />
          </root>
        </javadocPath>
        <sourcePath>
          <root type="composite" />
        </sourcePath>
      </roots>
    </jdk>
  </component>
</application>