<application>
  <component name="Trusted.Paths">
    <option name="TRUSTED_PROJECT_PATHS">
      <map>
        <entry key="$USER_HOME$/IdeaProjects/multithreading_project" value="true" />
        <entry key="$USER_HOME$/uni/semester5/andb/hive" value="true" />
        <entry key="$USER_HOME$/uni/semester5/isa/demo-project/demo" value="true" />
        <entry key="$USER_HOME$/uni/semester5/isa/lab2" value="true" />
        <entry key="$USER_HOME$/uni/semester5/isa/lab3" value="true" />
        <entry key="$USER_HOME$/uni/semester5/isa/lab4" value="true" />
        <entry key="$USER_HOME$/uni/semester5/isa/lab4/DepartmentService" value="true" />
        <entry key="$USER_HOME$/uni/semester5/isa/lab4/EmployeeService" value="true" />
        <entry key="$USER_HOME$/uni/semester5/isa/lab4/Gateway" value="true" />
        <entry key="$USER_HOME$/uni/semester5/isa/labs/MyProject" value="true" />
        <entry key="$USER_HOME$/uni/semester5/isa/labs/lab2" value="true" />
        <entry key="$USER_HOME$/uni/semester5/isa/labs/lab4/DepartmentService" value="true" />
        <entry key="$USER_HOME$/uni/semester5/isa/labs/lab4/EmployeeService" value="true" />
        <entry key="$USER_HOME$/uni/semester5/isa/labs/lab4/Gateway" value="true" />
        <entry key="$USER_HOME$/uni/semester5/isa/labs/lab6" value="true" />
        <entry key="$USER_HOME$/uni/semester5/isa/rest-service/gs-rest-service/complete" value="true" />
        <entry key="$USER_HOME$/uni/semester5/isa/rest-service/gs-rest-service/initial" value="true" />
        <entry key="$USER_HOME$/uni/semester5/isa/test-project/MyProject" value="true" />
        <entry key="$USER_HOME$/uni/semester6/lsea/airlines_large-scale_enterprise_solutions/Airline_Analyzer" value="true" />
      </map>
    </option>
  </component>
  <component name="Trusted.Paths.Settings">
    <option name="TRUSTED_PATHS">
      <list>
        <option value="$USER_HOME$/uni/semester5/isa/demo-project" />
        <option value="$USER_HOME$/uni/semester5/andb" />
        <option value="$USER_HOME$/uni/semester5/isa" />
      </list>
    </option>
  </component>
</application>