<application>
  <component name="DimensionService">
    <size key="GridCell.Tab.0.left.0.0.1920.1080" width="1838" height="291" />
    <size key="GridCell.Tab.0.center.0.0.1920.1080" width="1838" height="291" />
    <size key="GridCell.Tab.0.right.0.0.1920.1080" width="1838" height="291" />
    <size key="GridCell.Tab.0.bottom.0.0.1920.1080" width="1838" height="291" />
    <size key="GridCell.Tab.0.left.1920.0.1920.1080" width="1838" height="291" />
    <size key="GridCell.Tab.0.center.1920.0.1920.1080" width="1838" height="291" />
    <size key="GridCell.Tab.0.right.1920.0.1920.1080" width="1838" height="291" />
    <size key="GridCell.Tab.0.bottom.1920.0.1920.1080" width="1838" height="291" />
    <size key="GridCell.Tab.0.left.0.0.2880.1800@192dpi" width="2716" height="616" />
    <size key="GridCell.Tab.0.center.0.0.2880.1800@192dpi" width="2716" height="616" />
    <size key="GridCell.Tab.0.right.0.0.2880.1800@192dpi" width="2716" height="616" />
    <size key="GridCell.Tab.0.bottom.0.0.2880.1800@192dpi" width="2716" height="616" />
  </component>
  <component name="WindowManager">
    <frame x="0" y="64" width="2880" height="1736" extendedState="6" />
  </component>
  <component name="WindowStateApplicationService">
    <state x="2816" y="308" key="FileChooserDialogImpl" timestamp="1731154849842">
      <screen x="1920" y="0" width="1920" height="1080" />
    </state>
    <state x="2816" y="308" key="FileChooserDialogImpl/1920.0.1920.1080/0.32.1920.1048" timestamp="1731154849842" />
    <state width="621" height="359" key="ShowUsagesActions.dimensionServiceKey" timestamp="1734536068917">
      <screen x="1920" y="0" width="1920" height="1080" />
    </state>
    <state width="621" height="359" key="ShowUsagesActions.dimensionServiceKey/1920.0.1920.1080/0.32.1920.1048" timestamp="1734536068917" />
    <state x="2480" y="198" width="1097" height="715" key="new project wizard" timestamp="1731154838746">
      <screen x="1920" y="0" width="1920" height="1080" />
    </state>
    <state x="2480" y="198" width="1097" height="715" key="new project wizard/1920.0.1920.1080/0.32.1920.1048" timestamp="1731154838746" />
  </component>
</application>